silhouette,calinski_harabasz,davies_bouldin,dunn,k,silhouette_improvement,calinski_improvement,dunn_improvement,davies_bouldin_improvement,silhouette_improvement_norm,calinski_improvement_norm,davies_bouldin_improvement_norm,dunn_improvement_norm,improvement_composite_score,silhouette_norm,calinski_norm,davies_bouldin_norm,dunn_norm,absolute_composite_score
0.4780579923965444,4713.474103520289,0.7943059793104112,0.0032839362378176934,20,,,,,0.0,0.0,0.0,0.0,0.0,0.7390289961982722,0.19828749018813024,0.23978733745343472,0.0,0.2942759559599593
0.47980692776974426,4603.000437482561,0.7471177055805344,0.0032839362378176934,21,0.001748935373199867,-110.47366603772753,0.0,0.047188273729876884,0.6489052058426291,0.05223129480849879,1.0,0.0,0.42528412516278197,0.7399034638848722,0.11336957144227315,0.8482184751305729,0.0,0.42537287761442955
0.4600609771171074,4455.512694502932,0.7441947175024963,0.003290615272342783,22,-0.019745950652636846,-147.48774297962882,6.679034525089705e-06,0.0029229880780380357,0.3719859162080286,0.013115758082710215,0.41582365506765867,0.016754175140399775,0.20441987612469933,0.7300304885585537,0.0,0.8859065874764033,0.0022728941776938823,0.4045524925531627
0.4725503277070338,4876.492417451666,0.7534062588427396,0.003419382330296874,23,0.012489350589926396,420.979722948734,0.00012876705795409086,-0.009211541340243268,0.7872743113415633,0.6138577427022153,0.25568224993135036,0.3230086374269597,0.4949557353505221,0.7362751638535169,0.32359496329926796,0.7671357968878995,0.04609268507759089,0.46827465227956877
0.42393027845816483,5121.12587630635,0.7792290903500213,0.0035083525651802188,24,-0.04862004924886898,244.63345885468334,8.897023488334483e-05,-0.025822831507281707,0.0,0.4274994882344995,0.03646028781151611,0.22317939695004715,0.1717847932490157,0.7119651392290824,0.5116376428501176,0.4341841224537296,0.07636950549149579,0.4335391025061064
0.42236753545904426,5032.504388070146,0.776463952976157,0.0036407228566069506,25,-0.00156274299912057,-88.62148823620373,0.00013237029142673185,0.0027651373738643015,0.6062407496897128,0.07532412148294564,0.4137404730424823,0.33204724988593143,0.356838148525268,0.7111837677295221,0.4435168625131199,0.46983695620315824,0.12141548684602703,0.4364882683229568
0.4224698529092719,4950.637038893411,0.7844049383860132,0.0037152189771160068,26,0.00010231745022765137,-81.86734917673493,7.449612050905614e-05,-0.007940985409856216,0.6276917755885221,0.08246172415358417,0.27244998809266013,0.1868714775467179,0.2923687413453711,0.7112349264546359,0.3805877939425654,0.3674483243397866,0.1467667255512262,0.4015094425720535
0.41693154409518823,4902.352830939699,0.7831141869079327,0.0037434720326397024,27,-0.005538308814083681,-48.28420795371221,2.825305552369567e-05,0.001290751478080554,0.5550234108281855,0.117951535123027,0.39428275689007414,0.07087201581565099,0.2845324296642344,0.7084657720475941,0.34347311680022136,0.38409087826669097,0.15638131957086218,0.3981027716713421
0.44593297818249117,5688.729539805709,0.7970178314559256,0.0037434720326397024,28,0.029001434087302935,786.3767088660097,0.0,-0.013903644547992977,1.0,1.0,0.19375978266190724,0.0,0.5484399456654768,0.7229664890912456,0.947938197594348,0.20482154710576106,0.15638131957086218,0.5080268883405542
0.4464195548495049,5528.830675326506,0.7843176692051179,0.0040025551209832535,29,0.00048657666701373836,-159.89886447920253,0.000259083088343551,0.012700162250807723,0.632642199108798,0.0,0.544854650528505,0.6499028297754191,0.4568499198531806,0.7232097774247525,0.8250285552478845,0.3685735464091555,0.24454802103391501,0.5403399750289268
0.4454839601910667,5377.173862973707,0.8129032367747644,0.004006327294061084,30,-0.0009355946584382324,-151.65681235279862,3.77217307783069e-06,-0.028585567569646475,0.6143203213975377,0.00870999142170302,0.0,0.00946239283065054,0.1581231764124728,0.7227419800955334,0.7084543405003393,0.0,0.245831702109922,0.41925700567644864
0.44728407465573233,5290.8582770195635,0.7906839190019351,0.004214102609137731,31,0.0018001144646656586,-86.3155859541439,0.00020777531507664652,0.02221931777282926,0.6495645476803024,0.07776094046782987,0.6704805308952354,0.5211986860629573,0.47975117627658126,0.7236420373278661,0.6421060406978155,0.2864890728641545,0.31653822445715885,0.49219384383674875
0.44655681166703215,5149.546160285325,0.779715108986792,0.004260911502115403,32,-0.0007272629887001836,-141.31211673423877,4.6808892977672455e-05,0.01096881001514316,0.6170042648212388,0.019642003099855036,0.5220057068037073,0.11741882574946272,0.319017700118566,0.7232784058335161,0.5334834949180357,0.4279175471219975,0.33246742199515467,0.504286717467176
0.4486927824933397,5173.704764843033,0.7866192077107722,0.004287488560317715,33,0.002135970826307565,24.158604557708713,2.6577058202311744e-05,-0.006904098723980234,0.653891395702355,0.1945072600640458,0.2861339543281492,0.06666782244730933,0.30030010813546487,0.7243463912466699,0.5520535170094923,0.3388982143675773,0.3415116694266282,0.489202448012592
0.45509267864797154,5437.568137264022,0.7967055311844078,0.0044979147238096906,34,0.006399896154631823,263.8633724209885,0.0002104261634919757,-0.010086323473635583,0.7088236792024984,0.44782117264438537,0.24413760446545102,0.5278482666953437,0.4821576807519196,0.7275463393239858,0.7548776761317331,0.20884825108277427,0.4131202829228953,0.5260981373653472
0.4561274554141158,5431.5204164673905,0.7864776396411394,0.004757089654837644,35,0.0010347767661442742,-6.047720796631438,0.00025917493102795355,0.01022789154326842,0.6397046781489927,0.1625859823673631,0.5122276823672003,0.6501332146333,0.49116288937921404,0.7280637277070579,0.7502289676962712,0.3407235496650397,0.5013182387089881,0.5800836209443392
0.4507815062973514,5458.468173734035,0.7707573248180847,0.004757089654837644,36,-0.0053459491167643924,26.947757266644658,0.0,0.015720314823054693,0.5575015868311639,0.19745476583033744,0.5847121068808724,0.0,0.3349171148855934,0.7253907531486757,0.7709429309784396,0.5434164705204623,0.5013182387089881,0.6352670983391414
0.45138171269782623,5360.46681531147,0.760700864123798,0.004875965669521415,37,0.000600206400474812,-98.00135842256532,0.00011887601468377109,0.010056460694286673,0.6341060945225065,0.06541171282464911,0.5099652809098939,0.2981972263390698,0.3769200786490298,0.7256908563489131,0.6956121151379571,0.6730813922816556,0.5417720798483355,0.6590391109042153
0.45027435651550024,5249.620894462565,0.7471531692505381,0.004999882568530944,38,-0.0011073561823259914,-110.84592084890483,0.0001239168990095291,0.013547694873259908,0.612107512307767,0.05183790537558621,0.5560396796614746,0.3108421465800101,0.3827068109812095,0.7251371782577501,0.6104080548622487,0.847761217439603,0.5839413480589766,0.6918119496546447
0.4473494062679469,5285.166137040357,0.745518318632276,0.005027009947341003,39,-0.0029249502475533484,35.54524257779212,2.7127378810058896e-05,0.0016348506182620737,0.5886913910600512,0.20654037001723852,0.3988238905356728,0.06804828661633429,0.31552598455732417,0.7236747031339734,0.6377306569744292,0.8688404802093191,0.5931728711364309,0.7058546778635382
0.4466259870940044,5162.721544639007,0.735345940956487,0.0051507406829239865,40,-0.0007234191739424745,-122.44459240134984,0.00012373073558298326,0.010172377675789046,0.6170537848071049,0.03958072376891942,0.5114950566149973,0.31037516072428956,0.36962618147882775,0.7233129935470022,0.5436110326210877,1.0,0.6352787874109941,0.725550703394771
0.4450912717926144,5177.237889713155,0.7485261359236806,0.0052201384233581,41,-0.0015347153013900439,14.516345074147466,6.939774043411388e-05,-0.013180194967193581,0.6066018313970687,0.18431756505852584,0.20330726723431664,0.1740823307939902,0.29207724862097534,0.7225456358963072,0.5547693281290171,0.8300586059875557,0.6588950330802272,0.6915671507732768
0.4238620172099609,5352.483284340252,0.7501765963953847,0.005233275444861802,42,-0.021229254582653456,175.24539462709708,1.3137021503701468e-05,-0.0016504604717041405,0.3528764652382172,0.3541719437198609,0.3554670930759817,0.03295385856584658,0.2738673401499766,0.7119310086049805,0.6894754052899522,0.8087780745521729,0.663365598335705,0.7183875216957027
0.42370028883389166,5427.931073218166,0.7484660587240999,0.005361625146399336,43,-0.00016172837606925894,75.44778887791381,0.00012834970153753449,0.0017105376712848175,0.6242900649415695,0.2487083678226355,0.39982274517633387,0.32196171028910947,0.39869572205741205,0.7118501444169458,0.7474699431312263,0.8308332229845361,0.7070433616767309,0.7492991680523597
0.424962849758079,5372.893393815593,0.7545495239189631,0.005552691023579028,44,0.0012625609241873614,-55.037679402572394,0.00019106587717969154,-0.006083465194863247,0.6426392285885478,0.11081463796632904,0.29696399164766607,0.4792835188375779,0.3824253442600302,0.7124814248790395,0.7051640673954461,0.7523948874201134,0.7720636154523861,0.7355259987867463
0.42228096385898534,5676.208550985081,0.7442414886772842,0.005552691023579028,45,-0.0026818858990936834,303.315157169488,0.0,0.010308035241678892,0.5918227966711367,0.48951281708685157,0.5132853520990762,0.0,0.3986552414642661,0.7111404819294926,0.9383136748513017,0.8853035342846378,0.7720636154523861,0.8267053266294546
0.4251550031644299,5756.459157502736,0.7497298941029041,0.0059513399853524055,46,0.0028740393054445534,80.25060651765489,0.00039864896177337766,-0.005488405425619902,0.6633999550265884,0.2537838635609039,0.3048170945000232,1.0,0.5555002282718788,0.7125775015822149,1.0,0.8145377169915794,0.9077249750028896,0.858710048394171
0.4246655488664289,5674.161896582361,0.7460132575282237,0.00595666738062561,47,-0.000489454298001013,-82.29726092037527,5.327395273204208e-06,0.0037166365746804653,0.6200679616288512,0.08200740433835262,0.4262975664205918,0.013363625103914617,0.28543413937292755,0.7123327744332144,0.9367404706796242,0.86245888978993,0.9095379025530099,0.8552675093639446
0.4190380590652185,5668.688397465531,0.7431974775345891,0.00595666738062561,48,-0.005627489801210361,-5.473499116829771,0.0,0.0028157799936345818,0.5538744893789465,0.1631928052591046,0.414408812127604,0.0,0.2828690266914138,0.7095190295326093,0.9325331498770382,0.8987646939560805,0.9095379025530099,0.8625886939796844
0.4198513860366384,5597.366478218153,0.7403989358636657,0.00595666738062561,49,0.0008133269714198921,-71.32191924737799,0.0,0.0027985416709234157,0.6368517335103892,0.09360586675474783,0.4141813151125982,0.0,0.2861597288444338,0.7099256930183192,0.8777100489456444,0.9348482324729547,0.9095379025530099,0.8580054692474821
0.4204661739522667,5541.884940469149,0.7360582024701066,0.006222495626388247,50,0.0006147879156283009,-55.48153774900402,0.0002658282457626369,0.004340733393559115,0.6342939486387482,0.11034557973537151,0.43453387605166466,0.6668228723840345,0.46149906920245476,0.7102330869761333,0.8350629921089847,0.9908163183604485,1.0,0.8840280993613916
